Gender,Married,Dependents,Education,Self_Employed,ApplicantIncome,CoapplicantIncome,LoanAmount,Loan_Amount_Term,Credit_History,Property_Area,Loan_Status,AlimonyObligations,CreditObligations,HasAssets
1,0,0,0,0,58490.0,0.0,12800.0,360.0,1.0,2,1,0.0,1.0,1.0
1,1,1,0,0,45830.0,15080.0,12800.0,360.0,1.0,0,0,0.0,1.0,1.0
1,1,0,0,1,30000.0,0.0,6600.0,360.0,1.0,2,1,0.0,1.0,1.0
1,1,0,1,0,25830.0,23580.0,12000.0,360.0,1.0,2,1,0.0,1.0,1.0
1,0,0,0,0,60000.0,0.0,14100.0,360.0,1.0,2,1,0.0,1.0,1.0
1,1,2,0,1,54170.0,41960.0,26700.0,360.0,1.0,2,1,0.0,1.0,1.0
1,1,0,1,0,23330.0,15160.0,9500.0,360.0,1.0,2,1,0.0,0.0,1.0
1,1,3,0,0,30360.0,25040.0,15800.0,360.0,0.0,1,0,0.0,1.0,1.0
1,1,2,0,0,40060.0,15260.0,16800.0,360.0,1.0,2,1,0.0,1.0,1.0
1,1,1,0,0,128410.0,109680.0,34900.0,360.0,1.0,1,0,0.0,1.0,1.0
1,1,2,0,0,32000.0,7000.0,7000.0,360.0,1.0,2,1,0.0,0.0,1.0
1,1,2,0,0,25000.0,18400.0,10900.0,360.0,1.0,2,1,0.0,1.0,1.0
1,1,2,0,0,30730.0,81060.0,20000.0,360.0,1.0,2,1,0.0,1.0,1.0
1,0,0,0,0,18530.0,28400.0,11400.0,360.0,1.0,0,0,0.0,1.0,1.0
1,1,2,0,0,12990.0,10860.0,1700.0,120.0,1.0,2,1,0.0,1.0,1.0
1,0,0,0,0,49500.0,0.0,12500.0,360.0,1.0,2,1,0.0,1.0,1.0
1,0,1,1,0,35960.0,0.0,10000.0,240.0,1.0,2,1,0.0,1.0,1.0
0,0,0,0,0,35100.0,0.0,7600.0,360.0,0.0,2,0,0.0,0.0,1.0
1,1,0,1,0,48870.0,0.0,13300.0,360.0,1.0,0,0,0.0,1.0,1.0
1,1,0,0,0,26000.0,35000.0,11500.0,360.0,1.0,2,1,0.0,1.0,1.0
1,1,0,1,0,76600.0,0.0,10400.0,360.0,0.0,2,0,0.0,1.0,1.0
1,1,1,0,0,59550.0,56250.0,31500.0,360.0,1.0,2,1,0.0,0.0,1.0
1,1,0,1,0,26000.0,19110.0,11600.0,360.0,0.0,1,0,0.0,0.0,1.0
1,1,2,1,0,33650.0,19170.0,11200.0,360.0,0.0,0,0,0.0,1.0,1.0
1,1,1,0,0,37170.0,29250.0,15100.0,360.0,1.0,1,0,0.0,1.0,1.0
1,1,0,0,1,95600.0,0.0,19100.0,360.0,1.0,1,1,0.0,0.0,1.0
1,1,0,0,0,27990.0,22530.0,12200.0,360.0,1.0,1,1,0.0,1.0,1.0
1,1,2,1,0,42260.0,10400.0,11000.0,360.0,1.0,2,1,0.0,1.0,1.0
1,0,0,1,0,14420.0,0.0,3500.0,360.0,1.0,2,0,0.0,0.0,1.0
0,0,2,0,0,37500.0,20830.0,12000.0,360.0,1.0,1,1,0.0,1.0,1.0
1,1,1,0,0,41660.0,33690.0,20100.0,360.0,1.0,2,0,0.0,0.0,1.0
1,0,0,0,0,31670.0,0.0,7400.0,360.0,1.0,2,0,0.0,1.0,1.0
1,0,1,0,1,46920.0,0.0,10600.0,360.0,1.0,0,0,0.0,1.0,1.0
1,1,0,0,0,35000.0,16670.0,11400.0,360.0,1.0,1,1,0.0,0.0,1.0
1,0,3,0,0,125000.0,30000.0,32000.0,360.0,1.0,0,0,0.0,0.0,1.0
1,1,0,0,0,22750.0,20670.0,12800.0,360.0,1.0,2,1,0.0,1.0,1.0
1,1,0,0,0,18280.0,13300.0,10000.0,360.0,0.0,2,0,0.0,1.0,1.0
0,1,0,0,0,36670.0,14590.0,14400.0,360.0,1.0,1,1,0.0,1.0,1.0
1,0,0,0,0,41660.0,72100.0,18400.0,360.0,1.0,2,1,0.0,1.0,1.0
1,0,0,1,0,37480.0,16680.0,11000.0,360.0,1.0,1,1,0.0,0.0,1.0
1,0,0,0,0,36000.0,0.0,8000.0,360.0,1.0,2,0,0.0,1.0,1.0
1,0,0,0,0,18000.0,12130.0,4700.0,360.0,1.0,2,1,0.0,1.0,1.0
1,1,0,0,0,24000.0,0.0,7500.0,360.0,1.0,2,1,0.0,1.0,1.0
1,1,0,0,0,39410.0,23360.0,13400.0,360.0,1.0,1,1,0.0,0.0,1.0
1,1,0,1,1,46950.0,0.0,9600.0,360.0,1.0,2,1,0.0,1.0,1.0
0,0,0,0,0,34100.0,0.0,8800.0,360.0,1.0,2,1,0.0,0.0,1.0
1,1,1,0,0,56490.0,0.0,4400.0,360.0,1.0,2,1,0.0,1.0,1.0
1,1,0,0,0,58210.0,0.0,14400.0,360.0,1.0,2,1,0.0,0.0,1.0
0,1,0,0,0,26450.0,34400.0,12000.0,360.0,0.0,2,0,0.0,1.0,1.0
0,0,0,0,0,40000.0,22750.0,14400.0,360.0,1.0,1,1,0.0,1.0,1.0
0,1,0,1,0,19280.0,16440.0,10000.0,360.0,1.0,1,1,0.0,1.0,1.0
0,0,0,0,0,30860.0,0.0,12000.0,360.0,1.0,1,1,0.0,1.0,1.0
0,0,0,0,0,42300.0,0.0,11200.0,360.0,1.0,1,0,0.0,0.0,1.0
1,1,2,0,0,46160.0,0.0,13400.0,360.0,1.0,2,0,0.0,1.0,1.0
0,1,1,0,1,115000.0,0.0,28600.0,360.0,0.0,2,0,0.0,0.0,1.0
1,1,2,0,0,27080.0,11670.0,9700.0,360.0,1.0,1,1,0.0,1.0,1.0
1,1,0,0,0,21320.0,15910.0,9600.0,360.0,1.0,1,1,0.0,1.0,1.0
1,1,0,0,0,33660.0,22000.0,13500.0,360.0,1.0,0,0,0.0,1.0,1.0
1,1,1,0,0,80800.0,22500.0,18000.0,360.0,1.0,2,1,0.0,0.0,1.0
1,1,2,1,0,33570.0,28590.0,14400.0,360.0,1.0,2,1,0.0,0.0,1.0
1,1,0,0,0,25000.0,37960.0,12000.0,360.0,1.0,2,1,0.0,1.0,1.0
1,1,3,0,0,30290.0,0.0,9900.0,360.0,1.0,2,1,0.0,1.0,1.0
1,1,0,1,1,26090.0,34490.0,16500.0,180.0,0.0,0,0,0.0,1.0,1.0
1,1,1,0,0,49450.0,0.0,12800.0,360.0,0.0,0,0,0.0,1.0,1.0
0,0,0,0,0,41660.0,0.0,11600.0,360.0,0.0,1,0,0.0,0.0,1.0
1,1,0,0,0,57260.0,45950.0,25800.0,360.0,1.0,1,0,0.0,1.0,1.0
1,0,0,1,0,32000.0,22540.0,12600.0,180.0,0.0,2,0,0.0,0.0,1.0
1,1,1,0,0,107500.0,0.0,31200.0,360.0,1.0,2,1,0.0,1.0,1.0
1,1,3,1,1,71000.0,0.0,12500.0,60.0,1.0,2,1,0.0,0.0,1.0
0,0,0,0,0,43000.0,0.0,13600.0,360.0,0.0,1,0,0.0,0.0,1.0
1,1,0,0,0,32080.0,30660.0,17200.0,360.0,1.0,2,1,0.0,1.0,1.0
1,1,2,1,1,18750.0,18750.0,9700.0,360.0,1.0,1,1,0.0,0.0,1.0
1,0,0,0,0,35000.0,0.0,8100.0,300.0,1.0,1,1,0.0,1.0,1.0
1,1,3,1,0,47550.0,0.0,9500.0,360.0,0.0,1,0,0.0,1.0,1.0
1,1,3,0,1,52660.0,17740.0,18700.0,360.0,1.0,1,1,0.0,0.0,1.0
1,0,0,0,0,37500.0,0.0,11300.0,480.0,1.0,2,0,0.0,0.0,1.0
1,0,0,0,0,37500.0,47500.0,17600.0,360.0,1.0,2,0,0.0,0.0,1.0
1,1,1,0,1,10000.0,30220.0,11000.0,360.0,1.0,2,0,0.0,0.0,1.0
1,1,3,0,0,31670.0,40000.0,18000.0,300.0,0.0,1,0,0.0,1.0,1.0
1,1,3,1,1,33330.0,21660.0,13000.0,360.0,1.0,1,1,0.0,1.0,1.0
0,0,0,0,0,38460.0,0.0,11100.0,360.0,1.0,1,1,0.0,0.0,1.0
1,1,1,0,1,23950.0,0.0,12800.0,360.0,1.0,1,1,0.0,1.0,1.0
0,1,2,0,0,13780.0,18810.0,16700.0,360.0,1.0,2,0,0.0,1.0,1.0
1,1,0,0,0,60000.0,22500.0,26500.0,360.0,1.0,1,0,0.0,1.0,1.0
1,1,1,0,0,39880.0,0.0,5000.0,240.0,1.0,2,1,0.0,0.0,1.0
1,0,0,0,0,23660.0,25310.0,13600.0,360.0,1.0,1,1,0.0,0.0,1.0
1,1,2,1,0,33330.0,20000.0,9900.0,360.0,1.0,1,1,0.0,1.0,1.0
1,1,0,0,0,25000.0,21180.0,10400.0,360.0,1.0,1,1,0.0,0.0,1.0
1,0,0,0,0,85660.0,0.0,21000.0,360.0,1.0,2,1,0.0,1.0,1.0
1,1,0,0,0,56950.0,41670.0,17500.0,360.0,1.0,1,1,0.0,1.0,1.0
1,1,0,0,0,29580.0,29000.0,13100.0,360.0,1.0,1,1,0.0,0.0,1.0
1,1,2,0,0,62500.0,56540.0,18800.0,180.0,1.0,1,1,0.0,1.0,1.0
1,1,2,1,0,32730.0,18200.0,8100.0,360.0,1.0,2,1,0.0,1.0,1.0
1,0,0,0,0,41330.0,0.0,12200.0,360.0,1.0,1,1,0.0,1.0,1.0
1,0,0,1,0,36200.0,0.0,2500.0,120.0,1.0,1,1,0.0,1.0,1.0
1,0,0,0,0,67820.0,0.0,12800.0,360.0,1.0,2,0,0.0,0.0,1.0
0,1,0,0,0,24840.0,23020.0,13700.0,360.0,1.0,1,1,0.0,1.0,1.0
1,1,0,0,0,19770.0,9970.0,5000.0,360.0,1.0,1,1,0.0,1.0,1.0
1,1,0,1,0,41880.0,0.0,11500.0,180.0,1.0,1,1,0.0,0.0,1.0
1,1,0,0,0,17590.0,35410.0,13100.0,360.0,1.0,1,1,0.0,1.0,1.0
1,1,2,1,0,42880.0,32630.0,13300.0,180.0,1.0,2,1,0.0,1.0,1.0
1,0,0,0,0,48430.0,38060.0,15100.0,360.0,1.0,1,1,0.0,1.0,1.0
1,1,0,0,0,136500.0,0.0,12800.0,360.0,1.0,2,1,0.0,1.0,1.0
1,1,0,0,0,46520.0,35830.0,12800.0,360.0,1.0,1,1,0.0,0.0,1.0
1,1,0,0,0,38160.0,7540.0,16000.0,360.0,1.0,2,1,0.0,0.0,1.0
1,1,1,0,0,30520.0,10300.0,10000.0,360.0,1.0,2,1,0.0,0.0,1.0
1,1,2,0,0,114170.0,11260.0,22500.0,360.0,1.0,2,1,0.0,0.0,1.0
1,0,0,1,0,73330.0,0.0,12000.0,360.0,1.0,0,0,0.0,1.0,1.0
1,1,2,0,0,38000.0,36000.0,21600.0,360.0,0.0,2,0,0.0,0.0,1.0
1,1,3,1,0,20710.0,7540.0,9400.0,480.0,1.0,1,1,0.0,1.0,1.0
1,0,0,0,0,53160.0,0.0,13600.0,360.0,1.0,2,1,0.0,1.0,1.0
0,1,0,0,0,29290.0,23330.0,13900.0,360.0,1.0,1,1,0.0,0.0,1.0
1,1,0,1,0,35720.0,41140.0,15200.0,360.0,0.0,0,0,0.0,0.0,1.0
0,0,1,0,1,74510.0,0.0,12800.0,360.0,1.0,1,1,0.0,0.0,1.0
1,0,0,0,0,50500.0,0.0,11800.0,360.0,1.0,1,1,0.0,1.0,1.0
1,1,1,0,0,145830.0,0.0,18500.0,180.0,1.0,0,1,0.0,1.0,1.0
0,1,0,0,0,31670.0,22830.0,15400.0,360.0,1.0,1,1,0.0,1.0,1.0
1,1,1,0,0,22140.0,13980.0,8500.0,360.0,1.0,2,1,0.0,1.0,1.0
1,1,0,0,0,55680.0,21420.0,17500.0,360.0,1.0,0,0,0.0,1.0,1.0
0,0,0,0,0,104080.0,0.0,25900.0,360.0,1.0,2,1,0.0,1.0,1.0
1,1,0,0,0,56670.0,26670.0,18000.0,360.0,1.0,0,1,0.0,1.0,1.0
0,0,0,0,0,41660.0,0.0,4400.0,360.0,1.0,1,1,0.0,1.0,1.0
0,0,0,0,0,21370.0,89800.0,13700.0,360.0,0.0,1,1,0.0,0.0,1.0
1,1,2,0,0,29570.0,0.0,8100.0,360.0,1.0,1,1,0.0,1.0,1.0
1,1,0,1,0,43000.0,20140.0,19400.0,360.0,1.0,0,1,0.0,1.0,1.0
0,0,0,0,0,36920.0,0.0,9300.0,360.0,1.0,0,1,0.0,1.0,1.0
1,1,3,0,0,238030.0,0.0,37000.0,360.0,1.0,0,1,0.0,0.0,1.0
1,0,0,0,0,38650.0,16400.0,12800.0,360.0,1.0,0,1,0.0,1.0,1.0
1,1,1,0,1,105130.0,38500.0,16000.0,180.0,0.0,2,0,0.0,1.0,1.0
1,1,0,0,0,60800.0,25690.0,18200.0,360.0,1.0,0,0,0.0,1.0,1.0
1,0,0,0,1,201660.0,0.0,65000.0,480.0,1.0,2,1,0.0,1.0,1.0
1,0,0,0,0,20140.0,19290.0,7400.0,360.0,1.0,2,1,0.0,1.0,1.0
1,0,0,0,0,27180.0,0.0,7000.0,360.0,1.0,1,1,0.0,0.0,1.0
1,1,0,0,1,34590.0,0.0,2500.0,120.0,1.0,1,1,0.0,0.0,1.0
1,0,0,0,0,48950.0,0.0,10200.0,360.0,1.0,1,1,0.0,1.0,1.0
1,1,3,0,0,40000.0,77500.0,29000.0,360.0,1.0,1,0,0.0,1.0,1.0
0,1,0,0,0,45830.0,0.0,8400.0,360.0,1.0,0,0,0.0,0.0,1.0
1,1,2,0,1,33160.0,35000.0,8800.0,360.0,1.0,2,1,0.0,1.0,1.0
1,0,0,0,0,149990.0,0.0,24200.0,360.0,0.0,1,0,0.0,0.0,1.0
1,1,2,1,0,42000.0,14300.0,12900.0,360.0,1.0,0,0,0.0,1.0,1.0
1,1,2,0,0,50420.0,20830.0,18500.0,360.0,1.0,0,0,0.0,1.0,1.0
1,0,0,0,0,54170.0,0.0,16800.0,360.0,1.0,2,1,0.0,0.0,1.0
1,0,0,0,1,69500.0,0.0,17500.0,180.0,1.0,1,1,0.0,0.0,1.0
1,1,0,0,0,26980.0,20340.0,12200.0,360.0,1.0,1,1,0.0,0.0,1.0
1,1,2,0,0,117570.0,0.0,18700.0,180.0,1.0,2,1,0.0,0.0,1.0
0,1,0,0,0,23300.0,44860.0,10000.0,360.0,1.0,1,1,0.0,1.0,1.0
0,1,2,0,0,148660.0,0.0,7000.0,360.0,1.0,2,1,0.0,1.0,1.0
1,1,1,0,0,15380.0,14250.0,3000.0,360.0,1.0,2,1,0.0,1.0,1.0
0,0,0,0,0,100000.0,16660.0,22500.0,360.0,1.0,0,0,0.0,1.0,1.0
1,1,0,0,0,48600.0,8300.0,12500.0,360.0,1.0,1,1,0.0,1.0,1.0
1,0,0,0,0,62770.0,0.0,11800.0,360.0,0.0,0,0,0.0,0.0,1.0
1,1,0,0,1,25770.0,37500.0,15200.0,360.0,1.0,0,1,0.0,1.0,1.0
1,0,0,0,0,91660.0,0.0,24400.0,360.0,1.0,2,0,0.0,0.0,1.0
1,1,2,1,0,22810.0,0.0,11300.0,360.0,1.0,0,0,0.0,1.0,1.0
1,0,0,0,0,32540.0,0.0,5000.0,360.0,1.0,2,1,0.0,1.0,1.0
1,1,3,0,0,399990.0,0.0,60000.0,180.0,0.0,1,1,0.0,0.0,1.0
1,1,1,0,0,60000.0,0.0,16000.0,360.0,1.0,0,1,0.0,1.0,1.0
1,1,1,0,0,95380.0,0.0,18700.0,360.0,1.0,2,1,0.0,1.0,1.0
1,0,0,0,0,29800.0,20830.0,12000.0,360.0,1.0,0,1,0.0,1.0,1.0
1,1,0,0,0,45830.0,56250.0,25500.0,360.0,1.0,1,1,0.0,1.0,1.0
1,1,0,1,0,18630.0,10410.0,9800.0,360.0,1.0,1,1,0.0,1.0,1.0
1,1,0,0,0,79330.0,0.0,27500.0,360.0,1.0,2,0,0.0,1.0,1.0
1,1,1,0,0,30890.0,12800.0,12100.0,360.0,0.0,1,0,0.0,0.0,1.0
1,1,2,0,0,41670.0,14470.0,15800.0,360.0,1.0,0,1,0.0,1.0,1.0
1,1,0,0,0,93230.0,0.0,7500.0,180.0,1.0,2,1,0.0,1.0,1.0
1,1,0,0,0,37070.0,31660.0,18200.0,360.0,1.0,0,1,0.0,1.0,1.0
0,1,0,0,0,45830.0,0.0,11200.0,360.0,1.0,0,0,0.0,1.0,1.0
1,1,0,0,0,24390.0,33330.0,12900.0,360.0,1.0,0,1,0.0,1.0,1.0
1,0,0,0,0,22370.0,0.0,6300.0,480.0,0.0,1,0,0.0,0.0,1.0
1,1,2,0,0,80000.0,0.0,20000.0,360.0,1.0,1,1,0.0,0.0,1.0
1,1,0,1,0,18200.0,17690.0,9500.0,360.0,1.0,0,1,0.0,0.0,1.0
1,1,3,0,0,517630.0,0.0,70000.0,300.0,1.0,2,1,0.0,1.0,1.0
1,1,3,1,0,35220.0,0.0,8100.0,180.0,1.0,0,0,0.0,1.0,1.0
1,1,0,0,0,57080.0,56250.0,18700.0,360.0,1.0,1,1,0.0,1.0,1.0
1,1,0,1,1,43440.0,7360.0,8700.0,360.0,1.0,1,0,0.0,1.0,1.0
1,1,0,0,0,34970.0,19640.0,11600.0,360.0,1.0,0,1,0.0,1.0,1.0
1,1,2,0,0,20450.0,16190.0,10100.0,360.0,1.0,0,1,0.0,1.0,1.0
1,1,3,0,0,55160.0,113000.0,49500.0,360.0,0.0,1,0,0.0,1.0,1.0
1,1,1,0,0,37500.0,0.0,11600.0,360.0,1.0,1,1,0.0,1.0,1.0
1,0,0,1,0,23330.0,14510.0,10200.0,480.0,0.0,2,0,0.0,0.0,1.0
1,1,1,0,0,64000.0,72500.0,18000.0,360.0,0.0,2,0,0.0,1.0,1.0
1,0,0,0,0,19160.0,50630.0,6700.0,360.0,1.0,0,0,0.0,0.0,1.0
1,1,0,0,0,46000.0,0.0,7300.0,180.0,1.0,1,1,0.0,0.0,1.0
1,1,1,0,0,338460.0,0.0,26000.0,360.0,1.0,1,0,0.0,1.0,1.0
0,1,0,0,0,36250.0,0.0,10800.0,360.0,1.0,1,1,0.0,1.0,1.0
1,1,0,0,1,391470.0,47500.0,12000.0,360.0,1.0,1,1,0.0,1.0,1.0
1,1,1,0,1,21780.0,0.0,6600.0,300.0,0.0,0,0,0.0,1.0,1.0
1,1,0,0,0,23830.0,21380.0,5800.0,360.0,1.0,0,1,0.0,0.0,1.0
1,1,0,0,1,6740.0,52960.0,16800.0,360.0,1.0,0,1,0.0,0.0,1.0
1,1,0,0,0,93280.0,0.0,18800.0,180.0,1.0,0,1,0.0,0.0,1.0
1,0,0,1,0,48850.0,0.0,4800.0,360.0,1.0,0,1,0.0,1.0,1.0
1,0,0,0,0,120000.0,0.0,16400.0,360.0,1.0,1,0,0.0,0.0,1.0
1,1,0,1,0,60330.0,0.0,16000.0,360.0,1.0,2,0,0.0,0.0,1.0
1,0,0,0,0,38580.0,0.0,7600.0,360.0,1.0,1,1,0.0,1.0,1.0
1,0,0,0,0,41910.0,0.0,12000.0,360.0,1.0,0,1,0.0,0.0,1.0
1,1,1,0,0,31250.0,25830.0,17000.0,360.0,1.0,1,0,0.0,0.0,1.0
1,0,0,0,0,83330.0,37500.0,18700.0,360.0,1.0,0,1,0.0,1.0,1.0
0,0,0,1,0,19070.0,23650.0,12000.0,360.0,1.0,2,1,0.0,0.0,1.0
0,1,0,0,0,34160.0,28160.0,11300.0,360.0,1.0,1,1,0.0,1.0,1.0
1,0,0,0,1,110000.0,0.0,8300.0,360.0,1.0,2,0,0.0,1.0,1.0
1,1,1,1,0,26000.0,25000.0,9000.0,360.0,1.0,1,1,0.0,1.0,1.0
1,0,2,0,0,49230.0,0.0,16600.0,360.0,0.0,1,1,0.0,0.0,1.0
1,1,3,1,0,39920.0,0.0,12800.0,180.0,1.0,2,0,0.0,1.0,1.0
1,1,1,1,0,35000.0,10830.0,13500.0,360.0,1.0,2,1,0.0,1.0,1.0
1,1,2,1,0,39170.0,0.0,12400.0,360.0,1.0,1,1,1.0,1.0,1.0
0,0,0,1,0,44080.0,0.0,12000.0,360.0,1.0,1,1,0.0,1.0,1.0
0,0,0,0,0,32440.0,0.0,8000.0,360.0,1.0,2,1,0.0,0.0,1.0
1,0,0,1,0,39750.0,25310.0,5500.0,360.0,1.0,0,1,0.0,1.0,1.0
1,0,0,0,0,24790.0,0.0,5900.0,360.0,1.0,2,1,0.0,1.0,1.0
1,0,0,0,0,34180.0,0.0,12700.0,360.0,1.0,1,0,0.0,1.0,1.0
0,0,0,0,0,100000.0,0.0,21400.0,360.0,1.0,1,0,0.0,0.0,1.0
1,1,3,0,0,34300.0,12500.0,12800.0,360.0,0.0,1,0,0.0,1.0,1.0
1,1,1,0,1,77870.0,0.0,24000.0,360.0,1.0,2,1,0.0,1.0,1.0
1,1,3,1,1,57030.0,0.0,13000.0,360.0,1.0,0,1,0.0,1.0,1.0
1,1,0,0,0,31730.0,30210.0,13700.0,360.0,1.0,2,1,0.0,0.0,1.0
1,1,3,1,0,38500.0,9830.0,10000.0,360.0,1.0,1,1,0.0,1.0,1.0
1,1,0,0,0,1500.0,18000.0,13500.0,360.0,1.0,0,0,0.0,1.0,1.0
1,1,0,0,0,37270.0,17750.0,13100.0,360.0,1.0,1,1,0.0,0.0,1.0
1,1,2,0,0,50000.0,0.0,7200.0,360.0,0.0,1,0,0.0,1.0,1.0
0,1,2,0,0,42830.0,23830.0,12700.0,360.0,1.0,1,1,0.0,1.0,1.0
1,1,0,0,0,22210.0,0.0,6000.0,360.0,0.0,2,0,0.0,0.0,1.0
1,1,2,0,0,40090.0,17170.0,11600.0,360.0,1.0,1,1,0.0,1.0,1.0
1,0,0,0,0,29710.0,27910.0,14400.0,360.0,1.0,1,1,0.0,0.0,1.0
1,1,0,0,0,75780.0,10100.0,17500.0,360.0,1.0,1,1,0.0,1.0,1.0
1,1,0,0,0,62500.0,0.0,12800.0,360.0,1.0,1,1,0.0,1.0,1.0
1,1,0,0,0,32500.0,0.0,17000.0,360.0,1.0,0,0,0.0,1.0,1.0
1,1,0,1,1,47350.0,0.0,13800.0,360.0,1.0,2,0,0.0,1.0,1.0
1,1,2,0,0,62500.0,16950.0,21000.0,360.0,1.0,1,1,0.0,1.0,1.0
1,1,0,0,0,47580.0,0.0,15800.0,480.0,1.0,1,1,0.0,1.0,1.0
1,0,0,0,1,64000.0,0.0,20000.0,360.0,1.0,0,1,0.0,0.0,1.0
1,1,1,0,0,24910.0,20540.0,10400.0,360.0,1.0,1,1,0.0,1.0,1.0
1,1,0,0,0,37160.0,0.0,4200.0,180.0,1.0,0,1,0.0,1.0,1.0
1,0,0,1,0,31890.0,25980.0,12000.0,360.0,1.0,0,1,0.0,1.0,1.0
0,0,0,0,0,83330.0,0.0,28000.0,360.0,1.0,1,1,0.0,0.0,1.0
1,1,1,0,0,31550.0,17790.0,14000.0,360.0,1.0,1,1,0.0,1.0,1.0
1,1,1,0,0,55000.0,12600.0,17000.0,360.0,1.0,0,1,0.0,1.0,1.0
1,1,0,0,0,57460.0,0.0,25500.0,360.0,1.0,2,0,0.0,0.0,1.0
0,0,0,0,1,34630.0,0.0,12200.0,360.0,1.0,2,1,0.0,1.0,1.0
0,0,1,0,0,38120.0,0.0,11200.0,360.0,1.0,0,1,0.0,1.0,1.0
1,1,1,0,0,33150.0,0.0,9600.0,360.0,1.0,1,1,0.0,1.0,1.0
1,1,2,0,0,58190.0,50000.0,12000.0,360.0,1.0,0,1,0.0,1.0,1.0
1,1,1,1,0,25100.0,19830.0,14000.0,180.0,1.0,2,0,0.0,1.0,1.0
1,0,0,0,0,29650.0,57010.0,15500.0,60.0,1.0,2,1,0.0,1.0,1.0
1,1,2,0,1,62500.0,13000.0,10800.0,360.0,1.0,0,1,0.0,0.0,1.0
1,1,0,1,0,34060.0,44170.0,12300.0,360.0,1.0,1,1,0.0,1.0,1.0
1,0,0,0,1,60500.0,43330.0,12000.0,180.0,1.0,2,0,0.0,1.0,1.0
1,1,2,0,0,97030.0,0.0,11200.0,360.0,1.0,2,1,0.0,1.0,1.0
1,1,1,1,0,66080.0,0.0,13700.0,180.0,1.0,2,1,0.0,1.0,1.0
1,1,1,0,0,28820.0,18430.0,12300.0,480.0,1.0,1,1,0.0,0.0,1.0
1,1,0,0,0,18090.0,18680.0,9000.0,360.0,1.0,2,1,0.0,1.0,1.0
1,1,0,1,0,16680.0,38900.0,20100.0,360.0,0.0,1,0,0.0,1.0,1.0
0,0,2,0,0,34270.0,0.0,13800.0,360.0,1.0,2,0,0.0,0.0,1.0
1,0,0,1,1,25830.0,21670.0,10400.0,360.0,1.0,0,1,0.0,1.0,1.0
1,1,1,1,0,26610.0,71010.0,27900.0,180.0,1.0,1,1,0.0,1.0,1.0
1,0,0,0,1,162500.0,0.0,19200.0,360.0,0.0,2,0,0.0,0.0,1.0
0,0,3,0,0,30830.0,0.0,25500.0,360.0,1.0,0,1,0.0,1.0,1.0
1,0,0,1,0,60450.0,0.0,11500.0,360.0,0.0,0,0,0.0,0.0,1.0
1,1,3,0,0,52500.0,0.0,9400.0,360.0,1.0,2,0,0.0,0.0,1.0
1,1,0,0,0,146830.0,21000.0,30400.0,360.0,1.0,0,0,0.0,1.0,1.0
1,1,3,1,0,49310.0,0.0,12800.0,360.0,1.0,1,0,0.0,0.0,1.0
1,1,1,0,0,60830.0,42500.0,33000.0,360.0,1.0,2,1,0.0,1.0,1.0
1,0,0,0,0,20600.0,22090.0,13400.0,360.0,1.0,1,1,0.0,0.0,1.0
0,0,1,0,0,34810.0,0.0,15500.0,36.0,1.0,1,0,0.0,1.0,1.0
0,0,0,0,0,72000.0,0.0,12000.0,360.0,1.0,0,1,0.0,1.0,1.0
1,0,0,0,1,51660.0,0.0,12800.0,360.0,1.0,1,1,0.0,1.0,1.0
1,0,0,0,0,40950.0,34470.0,15100.0,360.0,1.0,0,1,0.0,0.0,1.0
1,1,2,0,0,47080.0,13870.0,15000.0,360.0,1.0,1,1,0.0,0.0,1.0
1,1,3,0,0,43330.0,18110.0,16000.0,360.0,0.0,2,1,0.0,1.0,1.0
0,0,0,0,0,34180.0,0.0,13500.0,360.0,1.0,0,0,0.0,1.0,1.0
0,0,1,0,0,28760.0,15600.0,9000.0,360.0,1.0,2,1,0.0,0.0,1.0
0,0,0,0,0,32370.0,0.0,3000.0,360.0,1.0,2,1,0.0,0.0,1.0
1,1,0,0,0,111460.0,0.0,13600.0,360.0,1.0,2,1,0.0,0.0,1.0
1,0,0,0,0,28330.0,18570.0,12600.0,360.0,1.0,0,1,0.0,0.0,1.0
1,1,0,0,0,26200.0,22230.0,15000.0,360.0,1.0,1,1,0.0,0.0,1.0
1,1,2,0,0,39000.0,0.0,9000.0,360.0,1.0,1,1,0.0,1.0,1.0
1,1,1,0,0,27500.0,18420.0,11500.0,360.0,1.0,1,1,0.0,1.0,1.0
1,1,0,0,0,39930.0,32740.0,20700.0,360.0,1.0,1,1,0.0,1.0,1.0
1,1,0,0,0,31030.0,13000.0,8000.0,360.0,1.0,2,1,0.0,1.0,1.0
1,1,0,0,0,145830.0,0.0,43600.0,360.0,1.0,1,1,0.0,1.0,1.0
0,1,0,1,0,41000.0,0.0,12400.0,360.0,1.0,0,1,0.0,1.0,1.0
1,0,1,1,1,40530.0,24260.0,15800.0,360.0,0.0,2,0,0.0,1.0,1.0
1,1,0,0,0,39270.0,8000.0,11200.0,360.0,1.0,1,1,0.0,1.0,1.0
1,1,2,0,0,23010.0,9857.999878,7800.0,180.0,1.0,2,1,0.0,1.0,1.0
0,0,0,0,0,18110.0,16660.0,5400.0,360.0,1.0,2,1,0.0,1.0,1.0
1,1,0,0,0,206670.0,0.0,12800.0,360.0,1.0,0,0,0.0,0.0,1.0
1,0,0,0,0,31580.0,30530.0,8900.0,360.0,1.0,0,1,0.0,1.0,1.0
0,0,0,0,1,26000.0,17170.0,9900.0,300.0,1.0,1,0,0.0,1.0,1.0
1,1,0,0,0,37040.0,20000.0,12000.0,360.0,1.0,0,1,0.0,0.0,1.0
0,0,0,0,0,41240.0,0.0,11500.0,360.0,1.0,1,1,0.0,1.0,1.0
1,0,0,0,0,95080.0,0.0,18700.0,360.0,1.0,0,1,0.0,0.0,1.0
1,1,0,0,0,30750.0,24160.0,13900.0,360.0,1.0,0,1,0.0,1.0,1.0
1,1,2,0,0,44000.0,0.0,12700.0,360.0,0.0,1,0,0.0,0.0,1.0
1,1,2,0,0,31530.0,15600.0,13400.0,360.0,1.0,2,1,0.0,0.0,1.0
0,0,0,0,0,54170.0,0.0,14300.0,480.0,0.0,2,0,0.0,0.0,1.0
1,1,0,0,0,23830.0,33340.0,17200.0,360.0,1.0,1,1,0.0,1.0,1.0
1,1,3,0,0,44160.0,12500.0,11000.0,360.0,1.0,2,1,0.0,1.0,1.0
1,1,1,0,0,68750.0,0.0,20000.0,360.0,1.0,1,1,0.0,1.0,1.0
0,1,1,0,0,46660.0,0.0,13500.0,360.0,1.0,2,1,0.0,1.0,1.0
0,0,0,0,0,50000.0,25410.0,15100.0,480.0,1.0,0,0,0.0,1.0,1.0
1,1,1,0,0,20140.0,29250.0,11300.0,360.0,1.0,2,0,0.0,1.0,1.0
1,1,0,1,0,18000.0,29340.0,9300.0,360.0,0.0,2,0,0.0,1.0,1.0
1,1,0,1,0,28750.0,17500.0,10500.0,360.0,1.0,1,1,0.0,0.0,1.0
0,0,0,0,0,50000.0,0.0,13200.0,360.0,1.0,0,1,0.0,0.0,1.0
1,1,1,0,0,16250.0,18030.0,9600.0,360.0,1.0,2,1,0.0,0.0,1.0
1,0,0,0,0,40000.0,25000.0,14000.0,360.0,1.0,0,1,0.0,1.0,1.0
1,0,0,1,0,20000.0,0.0,12800.0,360.0,1.0,2,0,0.0,1.0,1.0
0,0,0,0,0,37620.0,16660.0,13500.0,360.0,1.0,0,1,0.0,0.0,1.0
0,0,0,0,0,24000.0,18630.0,10400.0,360.0,0.0,2,0,0.0,0.0,1.0
1,0,0,0,0,202330.0,0.0,48000.0,360.0,1.0,0,0,0.0,1.0,1.0
1,1,2,1,0,76670.0,0.0,18500.0,360.0,1.0,0,1,0.0,1.0,1.0
0,0,0,0,0,29170.0,0.0,8400.0,360.0,1.0,1,1,0.0,1.0,1.0
1,0,0,1,0,29270.0,24050.0,11100.0,360.0,1.0,1,1,0.0,1.0,1.0
0,0,0,0,0,25070.0,0.0,5600.0,360.0,1.0,0,1,0.0,1.0,1.0
1,1,2,0,1,57460.0,0.0,14400.0,84.0,1.0,0,1,0.0,1.0,1.0
1,1,0,0,0,24730.0,18430.0,15900.0,360.0,1.0,0,0,0.0,1.0,1.0
1,1,1,1,0,33990.0,16400.0,11100.0,180.0,1.0,2,1,0.0,1.0,1.0
1,1,2,0,0,37170.0,0.0,12000.0,360.0,1.0,1,1,0.0,1.0,1.0
1,1,0,0,0,20580.0,21340.0,8800.0,360.0,1.0,2,1,0.0,1.0,1.0
0,0,1,0,0,35410.0,0.0,11200.0,360.0,1.0,1,1,0.0,1.0,1.0
1,1,1,0,1,100000.0,0.0,15500.0,360.0,1.0,0,0,0.0,0.0,1.0
1,1,0,0,0,24000.0,21670.0,11500.0,360.0,1.0,1,1,0.0,0.0,1.0
1,1,3,0,0,43420.0,1890.0,12400.0,360.0,1.0,1,1,0.0,1.0,1.0
1,1,2,1,0,36010.0,15900.0,12800.0,360.0,1.0,0,1,0.0,1.0,1.0
0,0,0,0,0,31660.0,29850.0,13200.0,360.0,1.0,0,1,0.0,1.0,1.0
1,1,3,0,0,150000.0,0.0,30000.0,360.0,1.0,0,1,0.0,0.0,1.0
1,1,1,0,1,86660.0,49830.0,37600.0,360.0,0.0,0,0,0.0,1.0,1.0
1,0,0,0,0,49170.0,0.0,13000.0,360.0,0.0,0,1,0.0,0.0,1.0
1,1,0,0,1,58180.0,21600.0,18400.0,360.0,1.0,1,1,0.0,0.0,1.0
0,1,0,0,0,43330.0,24510.0,11000.0,360.0,1.0,2,0,0.0,0.0,1.0
0,0,0,0,0,25000.0,0.0,6700.0,360.0,1.0,2,1,0.0,1.0,1.0
1,0,1,0,0,43840.0,17930.0,11700.0,360.0,1.0,2,1,0.0,1.0,1.0
1,0,0,0,0,29350.0,0.0,9800.0,360.0,1.0,1,1,0.0,1.0,1.0
1,0,0,0,0,28330.0,0.0,7100.0,360.0,1.0,2,1,0.0,1.0,1.0
1,1,0,0,0,633370.0,0.0,49000.0,180.0,1.0,2,1,0.0,1.0,1.0
1,1,1,0,1,98330.0,18330.0,18200.0,180.0,1.0,2,1,0.0,0.0,1.0
1,1,0,0,1,55030.0,44900.0,7000.0,360.0,1.0,1,1,0.0,0.0,1.0
1,1,1,0,0,52500.0,6880.0,16000.0,360.0,1.0,0,1,0.0,1.0,1.0
1,1,2,0,1,25000.0,46000.0,17600.0,360.0,1.0,0,1,0.0,1.0,1.0
0,0,3,1,0,18300.0,0.0,12800.0,360.0,0.0,2,0,0.0,1.0,1.0
0,0,0,0,0,41600.0,0.0,7100.0,360.0,1.0,1,1,0.0,1.0,1.0
1,1,3,1,0,26470.0,15870.0,17300.0,360.0,1.0,0,0,0.0,0.0,1.0
0,0,0,0,0,23780.0,0.0,4600.0,360.0,1.0,0,0,0.0,1.0,1.0
1,1,1,1,0,45540.0,12290.0,15800.0,360.0,1.0,2,1,0.0,1.0,1.0
1,1,3,1,0,31730.0,0.0,7400.0,360.0,1.0,1,1,0.0,1.0,1.0
1,1,2,0,0,25830.0,23300.0,12500.0,360.0,1.0,0,1,0.0,1.0,1.0
1,1,0,0,0,24990.0,24580.0,16000.0,360.0,1.0,1,1,0.0,1.0,1.0
1,1,0,1,0,35230.0,32300.0,15200.0,360.0,0.0,0,0,0.0,1.0,1.0
1,1,2,1,0,30830.0,21680.0,12600.0,360.0,1.0,2,1,0.0,1.0,1.0
1,1,0,0,0,63330.0,45830.0,25900.0,360.0,1.0,1,1,0.0,1.0,1.0
1,1,0,0,0,26250.0,62500.0,18700.0,360.0,1.0,0,1,0.0,0.0,1.0
1,1,0,0,0,90830.0,0.0,22800.0,360.0,1.0,1,1,0.0,1.0,1.0
1,0,0,0,0,87500.0,41670.0,30800.0,360.0,1.0,0,0,0.0,0.0,1.0
1,1,3,0,0,26660.0,20830.0,9500.0,360.0,1.0,0,1,0.0,1.0,1.0
0,1,0,0,1,55000.0,0.0,10500.0,360.0,0.0,0,0,0.0,1.0,1.0
0,1,0,0,0,24230.0,5050.0,13000.0,360.0,1.0,1,1,0.0,1.0,1.0
0,0,0,0,0,38130.0,0.0,11600.0,180.0,1.0,2,1,0.0,1.0,1.0
1,1,2,0,0,83330.0,31670.0,16500.0,360.0,1.0,0,1,0.0,1.0,1.0
1,1,1,0,0,38750.0,0.0,6700.0,360.0,1.0,2,0,0.0,1.0,1.0
1,1,0,1,0,30000.0,16660.0,10000.0,480.0,0.0,2,0,0.0,0.0,1.0
1,1,3,0,0,51670.0,31670.0,20000.0,360.0,1.0,1,1,0.0,1.0,1.0
0,0,1,0,0,47230.0,0.0,8100.0,360.0,1.0,1,0,0.0,1.0,1.0
1,1,2,0,0,50000.0,36670.0,23600.0,360.0,1.0,1,1,0.0,1.0,1.0
1,1,0,0,0,47500.0,23330.0,13000.0,360.0,1.0,2,1,0.0,1.0,1.0
1,1,0,0,0,30130.0,30330.0,9500.0,300.0,1.0,2,1,0.0,0.0,1.0
1,0,0,0,1,68220.0,0.0,14100.0,360.0,1.0,0,1,0.0,1.0,1.0
1,0,0,1,0,62160.0,0.0,13300.0,360.0,1.0,0,0,0.0,0.0,1.0
1,0,0,0,0,25000.0,0.0,9600.0,480.0,1.0,1,0,0.0,1.0,1.0
1,0,0,0,0,51240.0,0.0,12400.0,360.0,0.0,0,0,0.0,0.0,1.0
1,1,1,0,0,63250.0,0.0,17500.0,360.0,1.0,1,1,0.0,1.0,1.0
1,1,0,0,0,197300.0,52660.0,57000.0,360.0,1.0,0,0,0.0,1.0,1.0
0,0,0,0,1,157590.0,0.0,5500.0,360.0,1.0,1,1,0.0,0.0,1.0
1,1,2,0,0,51850.0,0.0,15500.0,360.0,1.0,1,1,0.0,1.0,1.0
1,1,2,0,1,93230.0,78730.0,38000.0,300.0,1.0,0,1,0.0,1.0,1.0
1,0,1,0,0,30620.0,19870.0,11100.0,180.0,0.0,2,0,0.0,1.0,1.0
0,0,0,0,0,27640.0,14590.0,11000.0,360.0,1.0,2,1,0.0,1.0,1.0
1,1,0,0,0,48170.0,9230.0,12000.0,180.0,1.0,2,1,0.0,0.0,1.0
1,1,3,0,0,87500.0,49960.0,13000.0,360.0,1.0,0,1,0.0,1.0,1.0
1,1,0,0,0,43100.0,0.0,13000.0,360.0,1.0,1,1,0.0,1.0,1.0
1,0,0,0,0,30690.0,0.0,7100.0,480.0,1.0,2,0,0.0,0.0,1.0
1,1,2,0,0,53910.0,0.0,13000.0,360.0,1.0,2,1,0.0,1.0,1.0
1,1,0,0,0,33330.0,25000.0,12800.0,360.0,1.0,1,1,0.0,1.0,1.0
1,0,0,0,0,59410.0,42320.0,29600.0,360.0,1.0,1,1,0.0,1.0,1.0
0,0,0,0,0,60000.0,0.0,15600.0,360.0,1.0,2,1,0.0,1.0,1.0
1,0,0,0,1,71670.0,0.0,12800.0,360.0,1.0,2,1,0.0,1.0,1.0
1,1,2,0,0,45660.0,0.0,10000.0,360.0,1.0,2,0,0.0,1.0,1.0
1,0,1,0,0,36670.0,0.0,11300.0,180.0,1.0,2,1,0.0,1.0,1.0
1,0,0,1,0,23460.0,16000.0,13200.0,360.0,1.0,1,1,0.0,1.0,1.0
1,1,0,1,0,30100.0,31360.0,12800.0,360.0,0.0,2,0,0.0,1.0,1.0
1,1,0,0,0,23330.0,24170.0,13600.0,360.0,1.0,2,1,0.0,1.0,1.0
1,1,0,0,0,54880.0,0.0,12500.0,360.0,1.0,0,1,0.0,1.0,1.0
1,0,3,0,0,91670.0,0.0,18500.0,360.0,1.0,0,1,0.0,0.0,1.0
1,1,3,0,0,95040.0,0.0,27500.0,360.0,1.0,0,1,0.0,0.0,1.0
1,1,0,0,0,25830.0,21150.0,12000.0,360.0,1.0,2,1,0.0,1.0,1.0
1,1,2,1,0,19930.0,16250.0,11300.0,180.0,1.0,1,1,0.0,1.0,1.0
1,1,2,0,0,31000.0,14000.0,11300.0,360.0,1.0,2,1,0.0,1.0,1.0
1,1,2,0,0,32760.0,4840.0,13500.0,360.0,1.0,1,1,0.0,0.0,1.0
0,0,0,0,0,31800.0,0.0,7100.0,360.0,0.0,2,0,0.0,0.0,1.0
1,1,0,0,0,30330.0,14590.0,9500.0,360.0,1.0,2,1,0.0,0.0,1.0
1,0,0,1,0,39020.0,16660.0,10900.0,360.0,1.0,0,1,0.0,1.0,1.0
0,0,0,0,0,15000.0,18000.0,10300.0,360.0,0.0,1,0,0.0,0.0,1.0
1,1,2,1,0,28890.0,0.0,4500.0,180.0,0.0,2,0,0.0,0.0,1.0
1,0,0,1,0,27550.0,0.0,6500.0,300.0,1.0,0,0,0.0,1.0,1.0
1,0,0,0,0,25000.0,200000.0,10300.0,360.0,1.0,1,1,0.0,1.0,1.0
0,0,0,1,0,19630.0,0.0,5300.0,360.0,1.0,1,1,0.0,1.0,1.0
0,0,0,0,1,74410.0,0.0,19400.0,360.0,1.0,0,0,0.0,1.0,1.0
0,0,0,0,0,45470.0,0.0,11500.0,360.0,1.0,1,1,0.0,0.0,1.0
1,1,0,1,0,21670.0,24000.0,11500.0,360.0,1.0,2,1,0.0,0.0,1.0
0,0,0,1,0,22130.0,0.0,6600.0,360.0,1.0,0,1,0.0,0.0,1.0
1,1,1,0,0,83000.0,0.0,15200.0,300.0,0.0,1,0,0.0,1.0,1.0
1,1,3,0,0,810000.0,0.0,36000.0,360.0,0.0,0,0,0.0,1.0,1.0
0,0,1,1,1,38670.0,0.0,6200.0,360.0,1.0,1,0,0.0,1.0,1.0
1,1,0,0,0,62560.0,0.0,16000.0,360.0,1.0,2,1,0.0,1.0,1.0
1,1,0,1,0,60960.0,0.0,21800.0,360.0,0.0,0,0,0.0,0.0,1.0
1,1,0,1,0,22530.0,20330.0,11000.0,360.0,1.0,0,1,0.0,1.0,1.0
0,1,0,1,0,21490.0,32370.0,17800.0,360.0,0.0,1,0,0.0,1.0,1.0
0,0,0,0,0,29950.0,0.0,6000.0,360.0,1.0,2,1,0.0,1.0,1.0
0,0,1,0,0,26000.0,0.0,16000.0,360.0,1.0,2,0,0.0,1.0,1.0
1,1,2,0,1,16000.0,200000.0,23900.0,360.0,1.0,2,0,0.0,1.0,1.0
1,1,0,0,0,10250.0,27730.0,11200.0,360.0,1.0,0,1,0.0,1.0,1.0
1,1,0,0,0,32460.0,14170.0,13800.0,360.0,1.0,1,1,0.0,1.0,1.0
1,1,0,0,0,58290.0,0.0,13800.0,360.0,1.0,0,1,0.0,1.0,1.0
0,0,0,1,0,27200.0,0.0,8000.0,360.0,0.0,2,0,0.0,0.0,1.0
1,1,0,0,0,18200.0,17190.0,10000.0,360.0,1.0,2,1,0.0,0.0,1.0
1,1,1,0,0,72500.0,16670.0,11000.0,360.0,0.0,2,0,0.0,0.0,1.0
1,1,0,0,0,148800.0,0.0,9600.0,360.0,1.0,1,1,0.0,1.0,1.0
1,1,0,0,0,26660.0,43000.0,12100.0,360.0,1.0,0,1,0.0,1.0,1.0
0,0,1,1,0,46060.0,0.0,8100.0,360.0,1.0,0,0,0.0,0.0,1.0
1,1,2,0,0,59350.0,0.0,13300.0,360.0,1.0,1,1,0.0,1.0,1.0
1,1,0,0,0,29200.0,161.2000084,8700.0,360.0,1.0,0,1,0.0,0.0,1.0
1,0,0,1,0,27170.0,0.0,6000.0,180.0,1.0,2,1,0.0,1.0,1.0
0,0,1,0,1,86240.0,0.0,15000.0,360.0,1.0,1,1,0.0,1.0,1.0
1,0,0,0,0,65000.0,0.0,10500.0,360.0,0.0,0,0,0.0,0.0,1.0
1,0,0,0,0,128760.0,0.0,40500.0,360.0,1.0,1,1,0.0,0.0,1.0
1,1,0,0,0,24250.0,23400.0,14300.0,360.0,1.0,1,1,0.0,1.0,1.0
1,0,0,0,0,37500.0,0.0,10000.0,360.0,1.0,2,1,0.0,1.0,1.0
0,1,0,0,0,100470.0,0.0,12800.0,240.0,1.0,1,1,0.0,1.0,1.0
1,0,0,0,0,19260.0,18510.0,5000.0,360.0,1.0,1,1,0.0,1.0,1.0
1,1,0,0,0,22130.0,11250.0,12800.0,360.0,1.0,2,1,0.0,1.0,1.0
1,0,0,0,1,104160.0,0.0,18700.0,360.0,0.0,2,0,0.0,0.0,1.0
0,1,0,1,1,71420.0,0.0,13800.0,360.0,1.0,0,1,0.0,1.0,1.0
1,0,0,0,0,36600.0,50640.0,18700.0,360.0,1.0,1,1,0.0,1.0,1.0
1,1,0,0,0,79010.0,18330.0,18000.0,360.0,1.0,0,1,0.0,1.0,1.0
1,0,3,1,0,47070.0,19930.0,14800.0,360.0,1.0,1,1,0.0,0.0,1.0
1,0,1,0,0,377190.0,0.0,15200.0,360.0,1.0,1,1,0.0,0.0,1.0
1,1,0,0,0,73330.0,83330.0,17500.0,300.0,1.0,0,1,0.0,0.0,1.0
1,1,1,0,1,34660.0,12100.0,13000.0,360.0,1.0,0,1,0.0,0.0,1.0
1,1,2,1,0,46520.0,0.0,11000.0,360.0,1.0,0,1,0.0,0.0,1.0
1,1,0,0,0,35390.0,13760.0,5500.0,360.0,1.0,0,0,0.0,1.0,1.0
1,1,2,0,0,33400.0,17100.0,15000.0,360.0,0.0,0,0,0.0,0.0,1.0
1,0,1,1,1,27690.0,15420.0,19000.0,360.0,1.0,1,0,0.0,1.0,1.0
1,1,2,1,0,23090.0,12550.0,12500.0,360.0,0.0,0,0,0.0,0.0,1.0
1,1,2,1,0,19580.0,14560.0,6000.0,300.0,1.0,2,1,0.0,0.0,1.0
1,1,0,0,0,39480.0,17330.0,14900.0,360.0,0.0,0,0,0.0,1.0,1.0
1,1,0,0,0,24830.0,24660.0,9000.0,180.0,0.0,0,1,0.0,0.0,1.0
1,0,0,0,1,70850.0,0.0,8400.0,360.0,1.0,1,1,0.0,0.0,1.0
1,1,2,0,0,38590.0,0.0,9600.0,360.0,1.0,1,1,0.0,1.0,1.0
1,1,0,0,0,43010.0,0.0,11800.0,360.0,1.0,2,1,0.0,0.0,1.0
1,1,0,0,0,37080.0,25690.0,17300.0,360.0,1.0,2,0,0.0,1.0,1.0
1,0,2,0,0,43540.0,0.0,13600.0,360.0,1.0,0,1,0.0,1.0,1.0
1,1,0,0,0,83340.0,0.0,16000.0,360.0,1.0,1,0,0.0,0.0,1.0
1,1,0,0,1,20830.0,40830.0,16000.0,360.0,1.0,1,1,0.0,1.0,1.0
1,1,3,0,0,77400.0,0.0,12800.0,180.0,1.0,2,1,1.0,1.0,1.0
1,1,0,0,0,30150.0,21880.0,15300.0,360.0,1.0,0,1,0.0,1.0,1.0
0,0,1,1,0,51910.0,0.0,13200.0,360.0,1.0,1,1,0.0,1.0,1.0
1,0,0,0,0,41660.0,0.0,9800.0,360.0,0.0,1,0,0.0,0.0,1.0
1,0,0,0,0,60000.0,0.0,14000.0,360.0,1.0,0,1,0.0,1.0,1.0
1,1,3,1,0,29470.0,16640.0,7000.0,180.0,0.0,2,0,0.0,1.0,1.0
1,1,0,0,0,166920.0,0.0,11000.0,360.0,1.0,1,1,0.0,0.0,1.0
0,1,2,1,0,2100.0,29170.0,9800.0,360.0,1.0,1,1,0.0,1.0,1.0
1,1,0,0,0,43330.0,24510.0,11000.0,360.0,1.0,2,0,0.0,0.0,1.0
1,1,1,0,1,34500.0,20790.0,16200.0,360.0,1.0,1,1,0.0,1.0,1.0
1,1,1,1,0,26530.0,15000.0,11300.0,180.0,0.0,0,0,0.0,1.0,1.0
1,1,3,0,0,46910.0,0.0,10000.0,360.0,1.0,1,1,0.0,1.0,1.0
0,0,0,0,1,25000.0,0.0,9300.0,360.0,1.0,2,1,0.0,1.0,1.0
1,0,2,0,0,55320.0,46480.0,16200.0,360.0,1.0,0,1,0.0,1.0,1.0
1,1,2,0,1,165250.0,10140.0,15000.0,360.0,1.0,0,1,0.0,1.0,1.0
1,1,2,0,0,67000.0,17500.0,23000.0,300.0,1.0,1,1,0.0,1.0,1.0
1,1,2,0,0,28730.0,18720.0,13200.0,360.0,0.0,1,0,0.0,0.0,1.0
1,1,1,0,1,166670.0,22500.0,8600.0,360.0,1.0,1,1,0.0,1.0,1.0
1,1,2,0,0,29470.0,16030.0,12800.0,360.0,1.0,2,0,0.0,1.0,1.0
0,0,0,1,0,43500.0,0.0,15400.0,360.0,1.0,0,1,0.0,1.0,1.0
1,1,3,1,0,30950.0,0.0,11300.0,360.0,1.0,0,1,0.0,0.0,1.0
1,1,0,0,0,20830.0,31500.0,12800.0,360.0,1.0,1,1,0.0,1.0,1.0
1,1,0,0,0,108330.0,0.0,23400.0,360.0,1.0,1,1,0.0,1.0,1.0
1,1,2,0,0,83330.0,0.0,24600.0,360.0,1.0,1,1,0.0,1.0,1.0
1,1,1,1,0,19580.0,24360.0,13100.0,360.0,1.0,0,1,0.0,0.0,1.0
1,0,2,0,0,35470.0,0.0,8000.0,360.0,0.0,0,0,0.0,0.0,1.0
1,1,1,0,0,183330.0,0.0,50000.0,360.0,1.0,2,0,0.0,1.0,1.0
1,1,2,0,1,45830.0,20830.0,16000.0,360.0,1.0,1,1,0.0,1.0,1.0
1,0,0,0,0,24350.0,0.0,7500.0,360.0,1.0,2,0,0.0,1.0,1.0
1,0,0,1,0,26990.0,27850.0,9600.0,360.0,1.0,1,1,0.0,1.0,1.0
1,1,1,1,0,53330.0,11310.0,18600.0,360.0,1.0,2,1,0.0,0.0,1.0
1,0,0,1,0,36910.0,0.0,11000.0,360.0,1.0,0,1,0.0,1.0,1.0
0,0,0,1,1,172630.0,0.0,22500.0,360.0,1.0,1,1,0.0,1.0,1.0
1,1,0,0,0,35970.0,21570.0,11900.0,360.0,0.0,0,0,0.0,1.0,1.0
0,1,1,0,0,33260.0,9130.0,10500.0,84.0,1.0,1,1,0.0,0.0,1.0
1,1,0,1,0,26000.0,17000.0,10700.0,360.0,1.0,0,1,0.0,1.0,1.0
1,1,0,0,0,46250.0,28570.0,11100.0,12.0,1.0,2,1,0.0,1.0,1.0
1,1,1,0,1,28950.0,0.0,9500.0,360.0,1.0,1,1,0.0,1.0,1.0
1,0,0,0,0,62830.0,44160.0,20900.0,360.0,0.0,0,0,0.0,0.0,1.0
0,0,0,0,0,6450.0,36830.0,11300.0,480.0,1.0,0,1,0.0,1.0,1.0
0,0,0,0,0,31590.0,0.0,10000.0,360.0,1.0,1,1,0.0,1.0,1.0
1,1,2,0,0,48650.0,56240.0,20800.0,360.0,1.0,1,1,0.0,1.0,1.0
1,1,1,1,0,40500.0,53020.0,13800.0,360.0,1.0,0,0,0.0,0.0,1.0
1,1,0,1,0,38140.0,14830.0,12400.0,300.0,1.0,1,1,0.0,1.0,1.0
1,1,2,0,0,35100.0,44160.0,24300.0,360.0,1.0,0,1,0.0,1.0,1.0
1,1,0,0,0,208330.0,66670.0,48000.0,360.0,1.0,2,1,0.0,1.0,1.0
1,0,0,0,0,35830.0,0.0,9600.0,360.0,1.0,2,0,0.0,0.0,1.0
1,1,0,0,1,24790.0,30130.0,18800.0,360.0,1.0,2,1,0.0,1.0,1.0
0,0,1,0,0,132620.0,0.0,4000.0,360.0,1.0,2,1,0.0,0.0,1.0
1,0,0,1,0,35980.0,12870.0,10000.0,360.0,1.0,0,0,0.0,0.0,1.0
1,1,1,0,0,60650.0,20040.0,25000.0,360.0,1.0,1,1,0.0,1.0,1.0
1,1,2,0,0,32830.0,20350.0,14800.0,360.0,1.0,2,1,1.0,1.0,1.0
1,1,0,0,0,21300.0,66660.0,7000.0,180.0,1.0,1,0,0.0,1.0,1.0
1,0,0,0,0,58150.0,36660.0,31100.0,360.0,1.0,0,0,0.0,0.0,1.0
1,1,3,0,0,34660.0,34280.0,15000.0,360.0,1.0,0,1,0.0,1.0,1.0
0,1,2,0,0,20310.0,16320.0,11300.0,480.0,1.0,1,1,0.0,1.0,1.0
1,1,0,1,0,30740.0,18000.0,12300.0,360.0,0.0,1,0,0.0,1.0,1.0
1,0,0,0,0,46830.0,19150.0,18500.0,360.0,1.0,1,0,0.0,0.0,1.0
0,0,0,1,0,34000.0,0.0,9500.0,360.0,1.0,0,0,0.0,1.0,1.0
1,1,2,1,0,21920.0,17420.0,4500.0,360.0,1.0,1,1,0.0,1.0,1.0
1,0,0,0,0,25000.0,0.0,5500.0,360.0,1.0,1,1,0.0,1.0,1.0
1,1,3,0,1,56770.0,14240.0,10000.0,360.0,1.0,0,1,0.0,0.0,1.0
1,1,2,0,1,79480.0,71660.0,48000.0,360.0,1.0,0,1,0.0,1.0,1.0
1,0,0,0,0,46800.0,20870.0,12800.0,360.0,1.0,1,0,0.0,0.0,1.0
1,1,2,0,1,175000.0,0.0,40000.0,360.0,1.0,0,1,0.0,1.0,1.0
1,1,0,0,0,37750.0,0.0,11000.0,360.0,1.0,1,1,0.0,0.0,1.0
1,1,1,1,0,52850.0,14300.0,16100.0,360.0,0.0,1,1,0.0,1.0,1.0
1,0,1,1,0,26790.0,13020.0,9400.0,360.0,1.0,1,1,0.0,1.0,1.0
1,0,0,1,0,67830.0,0.0,13000.0,360.0,1.0,1,1,0.0,0.0,1.0
1,1,0,0,0,10250.0,55000.0,21600.0,360.0,1.0,0,1,0.0,1.0,1.0
1,1,3,0,0,42810.0,0.0,10000.0,360.0,1.0,2,1,0.0,0.0,1.0
1,0,2,0,0,35880.0,0.0,11000.0,360.0,0.0,0,0,0.0,1.0,1.0
1,0,1,0,0,112500.0,0.0,19600.0,360.0,1.0,1,0,0.0,1.0,1.0
0,0,0,1,1,181650.0,0.0,12500.0,360.0,1.0,2,1,0.0,1.0,1.0
1,0,0,1,0,25500.0,20420.0,12600.0,360.0,1.0,0,1,0.0,0.0,1.0
1,1,0,0,0,61330.0,39060.0,32400.0,360.0,1.0,2,1,0.0,1.0,1.0
1,0,2,0,0,36170.0,0.0,10700.0,360.0,1.0,1,1,0.0,1.0,1.0
1,1,0,1,0,29170.0,5360.0,6600.0,360.0,1.0,0,0,0.0,1.0,1.0
1,1,3,0,0,64170.0,0.0,15700.0,180.0,1.0,0,1,0.0,0.0,1.0
0,1,1,0,0,46080.0,28450.0,14000.0,180.0,1.0,1,1,0.0,0.0,1.0
0,0,0,0,0,21380.0,0.0,9900.0,360.0,0.0,1,0,0.0,0.0,1.0
0,0,1,0,0,36520.0,0.0,9500.0,360.0,1.0,1,1,0.0,1.0,1.0
1,1,1,1,0,22390.0,25240.0,12800.0,360.0,1.0,2,1,0.0,0.0,1.0
0,1,0,1,0,30170.0,6630.0,10200.0,360.0,1.0,1,1,0.0,1.0,1.0
1,1,0,0,0,27680.0,19500.0,15500.0,360.0,1.0,0,1,0.0,0.0,1.0
1,0,0,1,0,33580.0,0.0,8000.0,36.0,1.0,1,0,0.0,1.0,1.0
1,0,0,0,0,25260.0,17830.0,14500.0,360.0,1.0,0,1,0.0,1.0,1.0
0,0,0,0,0,50000.0,0.0,10300.0,360.0,0.0,1,0,0.0,0.0,1.0
1,1,0,0,0,27850.0,20160.0,11000.0,360.0,1.0,0,1,0.0,1.0,1.0
1,1,2,0,1,66330.0,0.0,12800.0,360.0,0.0,0,0,0.0,1.0,1.0
1,1,1,1,0,24920.0,23750.0,12800.0,360.0,1.0,0,1,0.0,1.0,1.0
1,1,1,0,0,33330.0,32500.0,15800.0,360.0,1.0,2,1,0.0,1.0,1.0
1,1,0,1,0,24540.0,23330.0,18100.0,360.0,0.0,2,0,0.0,1.0,1.0
1,1,0,0,0,35930.0,42660.0,13200.0,180.0,0.0,0,0,0.0,1.0,1.0
1,1,1,0,0,54680.0,10320.0,2600.0,360.0,1.0,1,1,0.0,1.0,1.0
0,0,0,0,0,26670.0,16250.0,8400.0,360.0,1.0,2,1,0.0,1.0,1.0
1,1,3,0,1,101390.0,0.0,26000.0,360.0,1.0,1,1,0.0,0.0,1.0
1,1,0,0,0,38870.0,26690.0,16200.0,360.0,1.0,1,1,0.0,1.0,1.0
0,1,0,0,0,41800.0,23060.0,18200.0,360.0,1.0,1,1,0.0,1.0,1.0
1,1,2,1,0,36750.0,2420.0,10800.0,360.0,1.0,1,1,0.0,1.0,1.0
0,1,1,0,1,194840.0,0.0,60000.0,360.0,1.0,1,1,0.0,0.0,1.0
1,1,0,0,0,59230.0,20540.0,21100.0,360.0,1.0,0,1,0.0,1.0,1.0
1,0,0,1,1,58000.0,0.0,13200.0,360.0,1.0,1,1,0.0,0.0,1.0
1,1,2,0,0,87990.0,0.0,25800.0,360.0,0.0,2,0,0.0,0.0,1.0
1,1,0,1,0,44670.0,0.0,12000.0,360.0,1.0,0,1,0.0,1.0,1.0
1,0,0,0,0,33330.0,0.0,7000.0,360.0,1.0,2,1,0.0,0.0,1.0
1,1,3,0,0,34000.0,25000.0,12300.0,360.0,0.0,0,0,0.0,1.0,1.0
0,0,0,0,0,23780.0,0.0,900.0,360.0,1.0,2,0,0.0,1.0,1.0
1,1,0,0,0,31660.0,20640.0,10400.0,360.0,0.0,2,0,0.0,0.0,1.0
1,1,1,0,0,34170.0,17500.0,18600.0,360.0,1.0,2,1,0.0,1.0,1.0
1,1,0,0,0,51160.0,14510.0,16500.0,360.0,0.0,2,0,0.0,1.0,1.0
1,1,2,0,0,166660.0,0.0,27500.0,360.0,1.0,2,1,0.0,1.0,1.0
1,1,2,1,0,61250.0,16250.0,18700.0,480.0,1.0,1,0,0.0,1.0,1.0
1,1,3,0,0,64060.0,0.0,15000.0,360.0,1.0,1,0,0.0,1.0,1.0
1,1,2,0,0,31590.0,4610.0,10800.0,84.0,1.0,2,1,0.0,1.0,1.0
1,1,0,0,0,30870.0,22100.0,13600.0,360.0,0.0,1,0,0.0,1.0,1.0
1,0,0,0,0,32290.0,27390.0,11000.0,360.0,1.0,2,1,0.0,1.0,1.0
1,1,1,0,0,17820.0,22320.0,10700.0,360.0,1.0,0,1,0.0,1.0,1.0
1,0,0,0,0,31820.0,29170.0,16100.0,360.0,1.0,2,1,0.0,1.0,1.0
1,1,2,0,0,65400.0,0.0,20500.0,360.0,1.0,1,1,0.0,1.0,1.0
1,0,0,0,0,18360.0,338370.0,9000.0,360.0,1.0,2,0,0.0,1.0,1.0
0,1,0,0,0,31660.0,0.0,3600.0,360.0,1.0,1,1,0.0,1.0,1.0
1,1,1,0,0,18800.0,0.0,6100.0,360.0,1.0,0,0,0.0,1.0,1.0
1,1,1,0,0,27870.0,19170.0,14600.0,360.0,0.0,0,0,0.0,0.0,1.0
1,1,1,0,0,42830.0,30000.0,17200.0,84.0,1.0,0,0,0.0,1.0,1.0
1,1,0,0,0,22970.0,15220.0,10400.0,360.0,1.0,2,1,0.0,1.0,1.0
0,0,0,1,0,21650.0,0.0,7000.0,360.0,1.0,1,1,0.0,0.0,1.0
1,0,0,0,0,47500.0,0.0,9400.0,360.0,1.0,1,1,0.0,1.0,1.0
1,1,2,0,1,27260.0,0.0,10600.0,360.0,0.0,1,0,0.0,1.0,1.0
1,1,0,0,0,30000.0,34160.0,5600.0,180.0,1.0,1,1,0.0,1.0,1.0
1,1,2,0,1,60000.0,0.0,20500.0,240.0,1.0,1,0,0.0,1.0,1.0
1,0,3,0,1,93570.0,0.0,29200.0,360.0,1.0,1,1,0.0,1.0,1.0
1,1,0,0,0,38590.0,33000.0,14200.0,180.0,1.0,0,1,0.0,0.0,1.0
1,1,0,0,1,161200.0,0.0,26000.0,360.0,1.0,2,1,0.0,0.0,1.0
1,0,0,1,0,38330.0,0.0,11000.0,360.0,1.0,0,1,0.0,0.0,1.0
1,1,2,1,1,63830.0,10000.0,18700.0,360.0,1.0,0,0,0.0,1.0,1.0
1,0,0,0,0,29870.0,0.0,8800.0,360.0,0.0,1,0,0.0,0.0,1.0
1,1,0,0,1,99630.0,0.0,18000.0,360.0,1.0,0,1,0.0,0.0,1.0
1,1,2,0,0,57800.0,0.0,19200.0,360.0,1.0,2,1,0.0,1.0,1.0
0,0,3,0,0,4160.0,416670.0,35000.0,180.0,1.0,2,0,0.0,1.0,1.0
1,1,0,1,0,28940.0,27920.0,15500.0,360.0,1.0,0,1,0.0,1.0,1.0
1,1,3,0,0,57030.0,0.0,12800.0,360.0,1.0,2,1,0.0,0.0,1.0
1,0,0,0,0,36760.0,43010.0,17200.0,360.0,1.0,0,1,0.0,1.0,1.0
0,1,1,0,0,120000.0,0.0,49600.0,360.0,1.0,1,1,0.0,1.0,1.0
1,1,0,1,0,24000.0,38000.0,12800.0,180.0,1.0,2,0,0.0,0.0,1.0
1,1,1,0,0,34000.0,25000.0,17300.0,360.0,1.0,1,1,0.0,1.0,1.0
1,1,2,1,0,39870.0,14110.0,15700.0,360.0,1.0,0,1,0.0,1.0,1.0
1,1,0,0,0,32320.0,19500.0,10800.0,360.0,1.0,0,1,0.0,1.0,1.0
0,0,0,0,0,29000.0,0.0,7100.0,360.0,1.0,0,1,0.0,0.0,1.0
1,1,3,0,0,41060.0,0.0,4000.0,180.0,1.0,0,1,0.0,0.0,1.0
1,1,1,0,0,80720.0,2400.0,25300.0,360.0,1.0,2,1,0.0,0.0,1.0
1,1,2,0,0,75830.0,0.0,18700.0,360.0,1.0,2,1,0.0,0.0,1.0
0,0,0,0,1,45830.0,0.0,13300.0,360.0,0.0,1,0,0.0,0.0,1.0
